{"UMAP": {"0": [0.5502929320600316, 0.5502929320600316], "1": [0.3537014029912662, 0.3537014029912662], "2": [0.9867322321990741, 0.9867322321990741], "3": [0.196560840849358, 0.196560840849358], "4": [0.2595114358434003, 0.2595114358434003], "5": [0.3976952793805175, 0.3976952793805175], "6": [0.05626086258175178, 0.05626086258175178], "7": [0.19934989266393188, 0.19934989266393188], "8": [0.3942786939637912, 0.3942786939637912], "9": [0.2779027328016568, 0.2779027328016568], "10": [0.4107398711651058, 0.4107398711651058], "11": [0.48352304200996343, 0.48352304200996343], "12": [0.45758788722795174, 0.45758788722795174], "13": [0.3049140605897058, 0.3049140605897058], "14": [0.2441500440472666, 0.2441500440472666], "15": [0.6017231593750125, 0.6017231593750125], "16": [0.0018070410063444342, 0.0018070410063444342], "17": [0.13994694890156723, 0.13994694890156723], "18": [0.3322976938537745, 0.3322976938537745], "19": [0.41434019474096573, 0.41434019474096573]}, "PCA": {"0": [0.5011984948192207, 0.5011984948192207], "1": [0.2530359303033549, 0.2530359303033549], "2": [0.19420504101964298, 0.19420504101964298], "3": [0.9951362045635506, 0.9951362045635506], "4": [0.17766512014111413, 0.17766512014111413], "5": [0.6437682990213602, 0.6437682990213602], "6": [0.3909604912359157, 0.3909604912359157], "7": [0.41049345295588147, 0.41049345295588147], "8": [0.11920766672125183, 0.11920766672125183], "9": [0.36820368858192865, 0.36820368858192865], "10": [0.44579870217378215, 0.44579870217378215], "11": [0.19295571667333888, 0.19295571667333888], "12": [0.7344236617098545, 0.7344236617098545], "13": [0.3865945247412341, 0.3865945247412341], "14": [0.3298880758598557, 0.3298880758598557], "15": [0.5258282130588157, 0.5258282130588157], "16": [0.10931034228724457, 0.10931034228724457], "17": [0.5690541928806283, 0.5690541928806283], "18": [0.7511275462534286, 0.7511275462534286], "19": [0.5119751667289165, 0.5119751667289165]}, "PCA8": {"0": [0.4200678854173388, 0.4200678854173388, 0.4200678854173388, 0.4200678854173388, 0.4200678854173388, 0.4200678854173388, 0.4200678854173388, 0.4200678854173388], "1": [0.3931583974498565, 0.3931583974498565, 0.3931583974498565, 0.3931583974498565, 0.3931583974498565, 0.3931583974498565, 0.3931583974498565, 0.3931583974498565], "2": [0.3172931526747078, 0.3172931526747078, 0.3172931526747078, 0.3172931526747078, 0.3172931526747078, 0.3172931526747078, 0.3172931526747078, 0.3172931526747078], "3": [0.5707194383187, 0.5707194383187, 0.5707194383187, 0.5707194383187, 0.5707194383187, 0.5707194383187, 0.5707194383187, 0.5707194383187], "4": [0.2322664027362462, 0.2322664027362462, 0.2322664027362462, 0.2322664027362462, 0.2322664027362462, 0.2322664027362462, 0.2322664027362462, 0.2322664027362462], "5": [0.9788735034939577, 0.9788735034939577, 0.9788735034939577, 0.9788735034939577, 0.9788735034939577, 0.9788735034939577, 0.9788735034939577, 0.9788735034939577], "6": [0.5746973770053936, 0.5746973770053936, 0.5746973770053936, 0.5746973770053936, 0.5746973770053936, 0.5746973770053936, 0.5746973770053936, 0.5746973770053936], "7": [0.15808608995396156, 0.15808608995396156, 0.15808608995396156, 0.15808608995396156, 0.15808608995396156, 0.15808608995396156, 0.15808608995396156, 0.15808608995396156], "8": [0.3769717359695175, 0.3769717359695175, 0.3769717359695175, 0.3769717359695175, 0.3769717359695175, 0.3769717359695175, 0.3769717359695175, 0.3769717359695175], "9": [0.30304205850989163, 0.30304205850989163, 0.30304205850989163, 0.30304205850989163, 0.30304205850989163, 0.30304205850989163, 0.30304205850989163, 0.30304205850989163], "10": [0.1454909787313703, 0.1454909787313703, 0.1454909787313703, 0.1454909787313703, 0.1454909787313703, 0.1454909787313703, 0.1454909787313703, 0.1454909787313703], "11": [0.4373939855083654, 0.4373939855083654, 0.4373939855083654, 0.4373939855083654, 0.4373939855083654, 0.4373939855083654, 0.4373939855083654, 0.4373939855083654], "12": [0.6893379194273788, 0.6893379194273788, 0.6893379194273788, 0.6893379194273788, 0.6893379194273788, 0.6893379194273788, 0.6893379194273788, 0.6893379194273788], "13": [0.40154732270852955, 0.40154732270852955, 0.40154732270852955, 0.40154732270852955, 0.40154732270852955, 0.40154732270852955, 0.40154732270852955, 0.40154732270852955], "14": [0.17841762338897738, 0.17841762338897738, 0.17841762338897738, 0.17841762338897738, 0.17841762338897738, 0.17841762338897738, 0.17841762338897738, 0.17841762338897738], "15": [0.18165546099323215, 0.18165546099323215, 0.18165546099323215, 0.18165546099323215, 0.18165546099323215, 0.18165546099323215, 0.18165546099323215, 0.18165546099323215], "16": [0.6209269090155578, 0.6209269090155578, 0.6209269090155578, 0.6209269090155578, 0.6209269090155578, 0.6209269090155578, 0.6209269090155578, 0.6209269090155578], "17": [0.5077565918452822, 0.5077565918452822, 0.5077565918452822, 0.5077565918452822, 0.5077565918452822, 0.5077565918452822, 0.5077565918452822, 0.5077565918452822], "18": [0.5205699088066442, 0.5205699088066442, 0.5205699088066442, 0.5205699088066442, 0.5205699088066442, 0.5205699088066442, 0.5205699088066442, 0.5205699088066442], "19": [0.2786217509456588, 0.2786217509456588, 0.2786217509456588, 0.2786217509456588, 0.2786217509456588, 0.2786217509456588, 0.2786217509456588, 0.2786217509456588]}, "t-SNE": {"0": [0.4106953241515896, 0.4106953241515896], "1": [0.601675457064978, 0.601675457064978], "2": [0.14933070574447527, 0.14933070574447527], "3": [0.7462997793332136, 0.7462997793332136], "4": [0.14925371913449226, 0.14925371913449226], "5": [0.16801161648649554, 0.16801161648649554], "6": [0.9781477208868523, 0.9781477208868523], "7": [0.35590568860574123, 0.35590568860574123], "8": [0.46706501624749297, 0.46706501624749297], "9": [0.5665194250190808, 0.5665194250190808], "10": [0.8212737809573412, 0.8212737809573412], "11": [0.26479273039642237, 0.26479273039642237], "12": [0.35825611574419725, 0.35825611574419725], "13": [0.5353778252139563, 0.5353778252139563], "14": [0.304934393074241, 0.304934393074241], "15": [0.3881587908627999, 0.3881587908627999], "16": [0.7244781377765719, 0.7244781377765719], "17": [0.10256402637467943, 0.10256402637467943], "18": [0.6538314108533783, 0.6538314108533783], "19": [0.5595912917449652, 0.5595912917449652]}, "Isomap": {"0": [0.4994875715611651, 0.4994875715611651], "1": [0.38287399981111825, 0.38287399981111825], "2": [0.8625870817598407, 0.8625870817598407], "3": [0.03276858064806182, 0.03276858064806182], "4": [0.48598163764836355, 0.48598163764836355], "5": [0.4828442015114456, 0.4828442015114456], "6": [0.70959962424722, 0.70959962424722], "7": [0.40686737199677414, 0.40686737199677414], "8": [0.7050089481971528, 0.7050089481971528], "9": [0.1733854767204015, 0.1733854767204015], "10": [0.6061611460070079, 0.6061611460070079], "11": [0.6523716167806185, 0.6523716167806185], "12": [0.303415992339945, 0.303415992339945], "13": [0.8594494108358085, 0.8594494108358085], "14": [0.7879534064393434, 0.7879534064393434], "15": [0.2649293201622518, 0.2649293201622518], "16": [0.32919188047416115, 0.32919188047416115], "17": [0.16105524329480492, 0.16105524329480492], "18": [0.5102533800798285, 0.5102533800798285], "19": [0.6853888436057038, 0.6853888436057038]}}