{"UMAP": {"0": [0.5995293864865463, 0.5657349355162067], "1": [0.35538321874763845, 0.5152749679493913], "2": [0.33010908072390044, 0.9896432620994631], "3": [0.49070176753896355, 0.3845825924883588], "4": [0.7212461610519512, 0.10088346932386827], "5": [0.4230920390794801, 0.036570974350112806], "6": [0.49401481191195895, 0.4835559069659763], "7": [0.9985013748458655, 0.575420701527003], "8": [0.7115823627868956, 0.46487451303591776], "9": [0.4336344834452275, 0.5001376152203089], "10": [0.42828380474374494, 0.591788720973871], "11": [0.11214535515584068, 0.6615069451922047], "12": [0.3061222355144131, 0.2397717973636162], "13": [0.09832193577510928, 0.9258597789541767], "14": [0.5841707653915638, 0.36587589265607434], "15": [0.8165673503374151, 0.21739598159586748], "16": [0.33958785698668503, 0.6729628439787678], "17": [0.4790989706236939, 0.15678087099432858], "18": [0.24353220608585424, 0.46971892072376464], "19": [0.5445156817907506, 0.47928702422319347], "20": [0.49542562470565255, 0.5593946053645755], "21": [0.4659351644430689, 0.44746524732585247], "22": [0.5594279061116261, 0.5496917058083466], "23": [0.6173511732356083, 0.4818055641563177], "24": [0.6539683518056059, 0.2992899607547379]}, "PCA": {"0": [0.22347345294898346, 0.2623282412526615], "1": [0.43545506596746053, 0.5063720821554867], "2": [0.9941656920305597, 0.36593556170280106], "3": [0.08705179673690999, 0.6214671635862912], "4": [0.3310353627586326, 0.4420463453254185], "5": [0.23508582037037984, 0.6561286866570057], "6": [0.23975508122913824, 0.367280000225525], "7": [0.3618957938178824, 0.7344054055836793], "8": [0.5363180970035764, 0.4300547031803057], "9": [0.30832731867202423, 0.18513194242207653], "10": [0.012958008672745436, 0.987628772232295], "11": [0.507375117702229, 0.2852623502965663], "12": [0.23916256977151162, 0.5089567432334063], "13": [0.11404997856607757, 0.4464471419803289], "14": [0.14098152121027496, 0.054550240344230616], "15": [0.4865005749817275, 0.6540240849788006], "16": [0.13049283978952886, 0.8867816461507019], "17": [0.25688987304832045, 0.8215971317346629], "18": [0.11712587266766938, 0.320580960011843], "19": [0.41543691207234, 0.3860362029878819], "20": [0.7475074629809253, 0.35084302212400553], "21": [0.343839594475121, 0.5751164109457996], "22": [0.13172749697532016, 0.20816104416529058], "23": [0.6287613548669757, 0.558546394954857], "24": [0.3346300688186905, 0.3219493587749298]}}