{"t-SNE": {"0": [0.41069532697749184, 0.2949684926366559], "1": [0.6016754463875597, 0.667307293205742], "2": [0.14933070194417197, 0.6474002237832301], "3": [0.7462997815425537, 0.3500121787765957], "4": [0.14925372722933325, 0.7961539920800007], "5": [0.1680116251272727, 0.3662568580363638], "6": [0.9781476765060236, 0.5485572382530106], "7": [0.3559056853658538, 0.8719836971273713], "8": [0.4670650176341467, 0.5755675345365849], "9": [0.5665194289055796, 0.8573345308154503], "10": [0.8212738197941183, 0.7963214025588229], "11": [0.26479271609977334, 0.16400066195011348], "12": [0.35825611591743123, 0.6971760644266052], "13": [0.5353778302419356, 0.4055310647043013], "14": [0.3049343724224803, 0.4821955174999998], "15": [0.3881587950572078, 0.0879871993613272], "16": [0.7244781625777776, 0.12999976364888893], "17": [0.10256405341216213, 0.4971659537387385], "18": [0.6538314197857145, 0.5224395831071428], "19": [0.5595912892880262, 0.16913005471844655]}, "PCA8": {"0": [0.4200678851495727, 0.10406959613675212, 0.27898019186752115, 0.6492951278846156, 0.27010940722222215, 0.572834170833333, 0.36410581726495705, 0.1829041580192306], "1": [0.39315839799307917, 0.12563450858477515, 0.3907248330103805, 0.2467149044186851, 0.15128004429757774, 0.5139546193771626, 0.213103381782007, 0.16686194535640134], "2": [0.31729315631299737, 0.15226394153315648, 0.41120263275862073, 0.39273920164456233, 0.22317551684350112, 0.4701525866312996, 0.3863257395490715, 0.318496456259947], "3": [0.5707194262527235, 0.17168416571677556, 0.4206738533986931, 0.5264074576034857, 0.21790175376906312, 0.28718624969498907, 0.33103095764705864, 0.24130745093681907], "4": [0.23226639365979343, 0.9384426774226807, 0.2720534230412378, 0.4738097888659785, 0.1938753511134022, 0.4790468963402073, 0.3538456406185567, 0.183847434742268], "5": [0.978873518249334, 0.23800763100795702, 0.6775505271087509, 0.38226024647214996, 0.219729018992043, 0.5892532262334208, 0.4179214052519896, 0.19860786891246845], "6": [0.5746973643181816, 0.5273015196212116, 0.48356845772727275, 0.44486856310606093, 0.21571205500000004, 0.5194627663636365, 0.3677347460606061, 0.19343793310606064], "7": [0.15808607101785715, 0.21353084472857153, 0.792733209892857, 0.7056035087857141, 0.08874229681071426, 0.524861976857143, 0.13593040438571422, 0.2263486903928571], "8": [0.376971736924603, 0.1286456821388889, 0.4066463201785715, 0.5630788068650793, 0.23179217529761917, 0.49062948462301603, 0.4073147372619047, 0.2240657884781746], "9": [0.3030420536774194, 0.22157727154838713, 0.5966192618709675, 0.34918323541935464, 0.7111762965806452, 0.4475564035483871, 0.19920085300645166, 0.20996293167741936], "10": [0.14549097383431955, 0.17208779707100588, 0.6740047368047338, 0.4733213006508875, 0.4362668660946745, 0.4551912457988167, 0.3060409777810651, 0.16364396573372786], "11": [0.4373939854079253, 0.1714257325641025, 0.5498637595337994, 0.5386656147552451, 0.18362811108158497, 0.4085993090442891, 0.3757808460606063, 0.21607270912820498], "12": [0.689337921549296, 0.19061893411267616, 0.5052027824225351, 0.4711444667605631, 0.21347537194366192, 0.3864577998309859, 0.3434087730140845, 0.22236344036619707], "13": [0.4015473213502673, 0.10916679355347586, 0.3243320415641714, 0.4680553800000003, 0.20904134098930477, 0.5180835307887701, 0.29533071818181833, 0.18354754046791447], "14": [0.17841761990958918, 0.14529598004109587, 0.6017717961095886, 0.47703347624657516, 0.20210291812054784, 0.4365010119999998, 0.6127058772328767, 0.14039002127589034], "15": [0.1816554520594203, 0.11911438218695647, 0.478212576797102, 0.32111689565217383, 0.16857966370144936, 0.4867995032173914, 0.3881934716028986, 0.16866479415652147], "16": [0.6209268961176471, 0.14489512117647058, 0.3643377101176471, 0.6361366368235292, 0.286803680352941, 0.7251637068235294, 0.4062740575294117, 0.14953739539999994], "17": [0.5077565939136128, 0.14579357281675398, 0.41775253814136093, 0.3788647041753927, 0.18008698298429301, 0.42764748558900595, 0.2740632892408379, 0.19436138444895276], "18": [0.5205699148159991, 0.13761826799839993, 0.3677878865759995, 0.5790678302559992, 0.24228179463999958, 0.46309970238399983, 0.3571904728, 0.21231266431999998], "19": [0.27862175461538474, 0.1602966594551282, 0.4790181192307691, 0.38869789891025625, 0.19153327803846165, 0.5653170389102564, 0.3884521860256409, 0.6060738507692309]}}