{"UMAP": {"0": [0.5485885149023773, 0.22986416633429574], "1": [0.2779692111983394, 0.3185410166575561], "2": [0.4420460235081265, 0.09620093209300151], "3": [0.9867322321990741, 0.49080205593976167], "4": [0.0018070410063444342, 0.864947121600121], "5": [0.3570363458924941, 0.28652090961597365], "6": [0.2595114358434003, 0.9919513888569362], "7": [0.4837718718482762, 0.1893829654985142], "8": [0.13994694890156723, 0.2966797144626912], "9": [0.38079426824045726, 0.13981344422628705], "10": [0.30565329180366163, 0.10319041729497869], "11": [0.196560840849358, 0.4568815452830446], "12": [0.39875451380415683, 0.42642647352704444], "13": [0.05626086258175178, 0.36025470851170605], "14": [0.39838116590241057, 0.21343429895738986], "15": [0.41950070157348307, 0.3211522620008018], "16": [0.2441500440472666, 0.8316661489747368], "17": [0.6017231593750125, 0.021146463193989717], "18": [0.19934989266393188, 0.26011114572451], "19": [0.3284645497684662, 0.20247684684922884]}, "PCA": {"0": [0.38377513088976567, 0.1921290690367372], "1": [0.673345142901816, 0.19004523290774178], "2": [0.1942042582093464, 0.9918409732117581], "3": [0.4959431803182923, 0.13636086721695495], "4": [0.9976796794443885, 0.23086583020955143], "5": [0.5190613056876021, 0.28035849025526893], "6": [0.1056131891655312, 0.18981474779144647], "7": [0.32931952986322166, 0.11731376946029304], "8": [0.16945855389730724, 0.12663853349102272], "9": [0.4442625865868308, 0.12028704418109104], "10": [0.3856303970731947, 0.37125374702857883], "11": [0.5465272735110211, 0.6045356997718514], "12": [0.7654745763590896, 0.4387461468377367], "13": [0.6096760513686732, 0.1567457759820563], "14": [0.18384828164712985, 0.4758069181816005], "15": [0.36820313251882375, 0.795422134784836], "16": [0.39073578652349017, 0.11034919846195024], "17": [0.5521359863377562, 0.1489301024392622], "18": [0.7699234312341474, 0.19840245844484916], "19": [0.24801758531013718, 0.15131991058459904]}}