{"UMAP": {"0": [0.33010908072390044, 0.9896432620994631], "1": [0.49049002831285904, 0.3854889014114402], "2": [0.5052430083127168, 0.5542260437126414], "3": [0.7212461610519512, 0.10088346932386827], "4": [0.4230920390794801, 0.036570974350112806], "5": [0.24353220608585424, 0.46971892072376464], "6": [0.43474167735170965, 0.5006585815342323], "7": [0.7115823627868956, 0.46487451303591776], "8": [0.5839331968908272, 0.3658504145648074], "9": [0.5434061634667868, 0.48333239676051787], "10": [0.9985013748458655, 0.575420701527003], "11": [0.447665346224428, 0.6108216145481133], "12": [0.4157543608775238, 0.5789637397636076], "13": [0.09832193577510928, 0.9258597789541767], "14": [0.3110005143789336, 0.6815512094951757], "15": [0.06311793786334263, 0.6273353147538963], "16": [0.48171707934027364, 0.46811151983707777], "17": [0.8165673503374151, 0.21739598159586748], "18": [0.34363849930938284, 0.29549805784430916], "19": [0.6185728827192332, 0.4807328705817646], "20": [0.6539683518056059, 0.2992899607547379], "21": [0.4790989706236939, 0.15678087099432858], "22": [0.3552716521394035, 0.515215100616059], "23": [0.2740961344779089, 0.1922005982436481], "24": [0.5779213843422877, 0.5570824744689036]}, "PCA": {"0": [0.2423767366605194, 0.6581013489838021], "1": [0.49322529603418985, 0.2927849358476724], "2": [0.2238624920634642, 0.26286925598697763], "3": [0.9934410312468742, 0.36580174127653287], "4": [0.3410340692412448, 0.5725204312680603], "5": [0.325405678295694, 0.44237050107167875], "6": [0.03924444941361571, 0.9597979726546839], "7": [0.40936701677826726, 0.39051612444406514], "8": [0.11066249415250695, 0.4447122318746995], "9": [0.6684592601060615, 0.5315037656334525], "10": [0.3329395779851918, 0.32362932407363587], "11": [0.1416338652129312, 0.0547508945950419], "12": [0.5346361283763166, 0.42850334811358404], "13": [0.11787013454800643, 0.31917708447210913], "14": [0.19417286331753303, 0.8577788383777367], "15": [0.43244361167957557, 0.6850785076613235], "16": [0.30950548670951283, 0.18870139608614878], "17": [0.7361691084824997, 0.32900254905187154], "18": [0.23771209972281504, 0.36785705009343683], "19": [0.13230961123242224, 0.2075515905990315], "20": [0.3223353403691891, 0.7720591854019325], "21": [0.42936367398843345, 0.5051145162948849], "22": [0.08828287400881862, 0.6232326886682564], "23": [0.2359788366866944, 0.5096073269076244], "24": [0.5448674899149495, 0.6076201735298241]}, "Isomap": {"0": [0.43038570909796714, 0.12048295912945578], "1": [0.6241911725152957, 0.4932126077012935], "2": [0.34436456394917225, 0.627293068178462], "3": [0.991100836600622, 0.606447571708051], "4": [0.16321038800674997, 0.5952680854771335], "5": [0.49678737633484715, 0.3304951507738327], "6": [0.3235756082561453, 0.39092178177865755], "7": [0.5727767554389571, 0.6283999031917569], "8": [0.5598677513628125, 0.940765095970449], "9": [0.5998825548755856, 0.2822434439179262], "10": [0.3667522664739401, 0.8062986771110046], "11": [0.19860577598912527, 0.3181016080460739], "12": [0.4354824932607932, 0.2648608526297329], "13": [0.49019223033472586, 0.5269754250017632], "14": [0.5094656645578045, 0.194096853137335], "15": [0.2801835906105905, 0.5301181944280161], "16": [0.23939744089647613, 0.7062149476562346], "17": [0.6993781218586957, 0.484749922047503], "18": [0.10449679526514405, 0.7653194074415315], "19": [0.846787496129447, 0.5025450874580221], "20": [0.589805276541895, 0.38845440283554944], "21": [0.623233023405281, 0.5614072229170715], "22": [0.28808181129519217, 0.2158770576249795], "23": [0.4526174235528569, 0.7184439412553285], "24": [0.1944539151178703, 0.4504281921195278]}}