{"UMAP": {"0": [0.5485885149023773, 0.22986416633429574], "1": [0.2779692111983394, 0.3185410166575561], "2": [0.4420460235081265, 0.09620093209300151], "3": [0.9867322321990741, 0.49080205593976167], "4": [0.0018070410063444342, 0.864947121600121], "5": [0.3570363458924941, 0.28652090961597365], "6": [0.2595114358434003, 0.9919513888569362], "7": [0.4837718718482762, 0.1893829654985142], "8": [0.13994694890156723, 0.2966797144626912], "9": [0.38079426824045726, 0.13981344422628705], "10": [0.30565329180366163, 0.10319041729497869], "11": [0.196560840849358, 0.4568815452830446], "12": [0.39875451380415683, 0.42642647352704444], "13": [0.05626086258175178, 0.36025470851170605], "14": [0.39838116590241057, 0.21343429895738986], "15": [0.41950070157348307, 0.3211522620008018], "16": [0.2441500440472666, 0.8316661489747368], "17": [0.6017231593750125, 0.021146463193989717], "18": [0.19934989266393188, 0.26011114572451], "19": [0.3284645497684662, 0.20247684684922884]}}