{"UMAP": {"0": [0.5995293864865463, 0.5657349355162067], "1": [0.35538321874763845, 0.5152749679493913], "2": [0.33010908072390044, 0.9896432620994631], "3": [0.49070176753896355, 0.3845825924883588], "4": [0.7212461610519512, 0.10088346932386827], "5": [0.4230920390794801, 0.036570974350112806], "6": [0.49401481191195895, 0.4835559069659763], "7": [0.9985013748458655, 0.575420701527003], "8": [0.7115823627868956, 0.46487451303591776], "9": [0.4336344834452275, 0.5001376152203089], "10": [0.42828380474374494, 0.591788720973871], "11": [0.11214535515584068, 0.6615069451922047], "12": [0.3061222355144131, 0.2397717973636162], "13": [0.09832193577510928, 0.9258597789541767], "14": [0.5841707653915638, 0.36587589265607434], "15": [0.8165673503374151, 0.21739598159586748], "16": [0.33958785698668503, 0.6729628439787678], "17": [0.4790989706236939, 0.15678087099432858], "18": [0.24353220608585424, 0.46971892072376464], "19": [0.5445156817907506, 0.47928702422319347], "20": [0.49542562470565255, 0.5593946053645755], "21": [0.4659351644430689, 0.44746524732585247], "22": [0.5594279061116261, 0.5496917058083466], "23": [0.6173511732356083, 0.4818055641563177], "24": [0.6539683518056059, 0.2992899607547379]}}