{"UMAP": {"0": [0.3587472936109535, 0.28034956782172527], "1": [0.9867322321990741, 0.49080205593976167], "2": [0.19697347908036988, 0.4562350366255501], "3": [0.47421435504342924, 0.2157370757640722], "4": [0.2595114358434003, 0.9919513888569362], "5": [0.14014215899641158, 0.29631902262656745], "6": [0.3289514170200585, 0.1956245747010641], "7": [0.43486921414489643, 0.09823055735638953], "8": [0.5540758821289273, 0.23467069505599003], "9": [0.05626086258175178, 0.36025470851170605], "10": [0.0018070410063444342, 0.864947121600121], "11": [0.19958775100728587, 0.2602460408759337], "12": [0.6017231593750125, 0.021146463193989717], "13": [0.3904581420756479, 0.18022490496246135], "14": [0.4182397284042736, 0.31743670394938284], "15": [0.39875451380415683, 0.42642647352704444], "16": [0.27883888936158385, 0.3173822388829137], "17": [0.30708834768161886, 0.10226950508852006], "18": [0.2441500440472666, 0.8316661489747368], "19": [0.5062818343966597, 0.15924660250112677]}, "PCA": {"0": [0.5110955904799495, 0.13921249559556914], "1": [0.1114826434447167, 0.24278705004544143], "2": [0.9962408725561431, 0.23134247603131097], "3": [0.19420372992404822, 0.9918408134200405], "4": [0.3395273295062182, 0.11520842856085078], "5": [0.17845769012800972, 0.12544400566903313], "6": [0.5136075563304763, 0.6256652231001993], "7": [0.6474873066274043, 0.1723292813211968], "8": [0.4572315250637513, 0.12458681650250814], "9": [0.751859631738828, 0.20089309751381812], "10": [0.5233938843350003, 0.26783689153529266], "11": [0.1182736639587354, 0.15193433733425876], "12": [0.3682027012398956, 0.795422079906615], "13": [0.7422142914582217, 0.4589138232296506], "14": [0.3852610710434199, 0.1926952601670815], "15": [0.40045541720367206, 0.3723821810618855], "16": [0.25921244500402096, 0.15032870184039004], "17": [0.5751012413293353, 0.15206518577501926], "18": [0.40280898343562166, 0.11080567466399671], "19": [0.18815505067502158, 0.4767394918310224]}, "Isomap": {"0": [0.27024367206670113, 0.21771396809321886], "1": [0.515671598951101, 0.25500880078259436], "2": [0.40755281677022426, 0.1236168627920978], "3": [0.03276858064806165, 0.7955294768298338], "4": [0.8622900672930145, 0.27573328212468634], "5": [0.32044014518913927, 0.6280545997724223], "6": [0.5128946775124114, 0.714410711005163], "7": [0.8599715144619352, 0.5045016882542244], "8": [0.17538557091750334, 0.2569757457073994], "9": [0.7875266065032323, 0.1872837740170739], "10": [0.1718632178090621, 0.4511001629360855], "11": [0.4836309704386511, 0.13210332907962463], "12": [0.33031438751942954, 0.14191582030016986], "13": [0.39632496927216243, 0.23318593688240014], "14": [0.7075960558665129, 0.2879455473477883], "15": [0.6599706508756827, 0.4626351460958691], "16": [0.6072700382598639, 0.1310581119089601], "17": [0.685388843605705, 0.9638425138034763], "18": [0.7095996242472207, 0.6806699572572209], "19": [0.4861666387592892, 0.48231187908371903]}}